user_id,item_id,rating,timestamp
usr_111,prod_204,1.0,2026-08-10T09:09:29.715355
usr_112,prod_204,1.0,2026-08-26T12:29:41.715355
usr_102,prod_207,1.0,2026-08-17T02:30:15.715355
usr_112,prod_218,1.0,2026-08-22T17:20:51.715355
usr_101,prod_206,1.0,2026-08-22T20:09:23.715355
usr_106,prod_204,3.0,2026-08-11T21:58:36.715355
usr_110,prod_209,1.0,2026-08-11T09:21:48.715355
usr_107,prod_203,1.0,2026-08-26T19:45:54.715355
usr_106,prod_219,3.0,2026-08-16T07:56:16.715355
usr_105,prod_203,1.0,2026-08-16T13:16:31.715355
usr_106,prod_206,1.0,2026-08-20T21:05:56.715355
usr_111,prod_203,3.0,2026-08-29T06:02:48.715355
usr_103,prod_215,3.0,2026-08-21T18:51:54.715355
usr_104,prod_211,3.0,2026-08-10T17:44:16.715355
usr_107,prod_209,3.0,2026-08-11T16:50:50.715355
usr_106,prod_207,5.0,2026-08-30T01:18:10.715355
usr_108,prod_205,1.0,2026-08-17T14:08:01.715355
usr_105,prod_219,1.0,2026-08-23T04:17:37.715355
usr_103,prod_217,3.0,2026-08-24T12:40:17.715355
usr_103,prod_206,1.0,2026-08-23T04:56:38.715355
usr_108,prod_217,3.0,2026-08-18T03:47:14.715355
usr_102,prod_218,1.0,2026-08-18T06:13:21.715355
usr_103,prod_215,1.0,2026-08-10T09:49:00.715355
usr_109,prod_206,1.0,2026-08-25T13:47:54.715355
usr_111,prod_217,3.0,2026-08-28T16:01:37.715355
usr_109,prod_217,1.0,2026-08-10T05:12:45.715355
usr_106,prod_210,1.0,2026-08-16T11:08:10.715355
usr_102,prod_203,3.0,2026-08-24T12:40:48.715355
usr_103,prod_216,3.0,2026-08-26T15:08:47.715355
usr_107,prod_207,3.0,2026-08-27T09:36:26.715355
usr_107,prod_212,1.0,2026-08-24T02:20:21.715355
usr_102,prod_211,1.0,2026-08-10T04:27:28.715355
usr_101,prod_203,5.0,2026-08-29T11:06:18.715355
usr_106,prod_203,1.0,2026-08-25T17:09:56.715355
usr_109,prod_205,3.0,2026-08-28T04:22:29.715355
usr_107,prod_207,1.0,2026-08-12T13:34:41.715355
usr_107,prod_215,1.0,2026-08-11T07:33:55.715355
usr_107,prod_211,1.0,2026-08-12T17:04:26.715355
usr_103,prod_214,3.0,2026-08-14T18:21:29.715355
usr_102,prod_215,5.0,2026-08-26T12:55:55.715355
usr_101,prod_203,1.0,2026-08-16T15:18:45.715355
usr_107,prod_202,1.0,2026-08-14T21:52:38.715355
usr_108,prod_210,1.0,2026-08-23T08:39:04.715355
usr_112,prod_216,5.0,2026-08-13T16:10:27.715355
usr_110,prod_218,1.0,2026-08-11T09:12:17.715355
usr_108,prod_217,1.0,2026-08-25T14:55:46.715355
usr_103,prod_203,1.0,2026-08-28T12:36:09.715355
usr_102,prod_219,1.0,2026-08-17T04:30:16.715355
usr_107,prod_219,1.0,2026-08-28T02:13:13.715355
usr_111,prod_211,3.0,2026-08-16T18:17:22.715355
usr_105,prod_215,1.0,2026-08-19T11:52:43.715355
usr_110,prod_204,1.0,2026-08-12T03:05:46.715355
usr_106,prod_203,1.0,2026-08-16T21:10:24.715355
usr_109,prod_210,3.0,2026-08-29T06:25:14.715355
usr_109,prod_210,3.0,2026-08-12T14:08:21.715355
usr_112,prod_218,1.0,2026-08-13T18:10:52.715355
usr_106,prod_207,1.0,2026-08-29T18:24:45.715355
usr_101,prod_203,1.0,2026-08-29T23:45:31.715355
usr_106,prod_205,1.0,2026-08-29T18:03:01.715355
usr_112,prod_214,5.0,2026-08-26T09:59:18.715355
usr_112,prod_205,1.0,2026-08-26T11:45:37.715355
usr_103,prod_214,3.0,2026-08-13T11:11:37.715355
usr_101,prod_212,1.0,2026-08-16T07:07:56.715355
usr_109,prod_214,5.0,2026-08-29T09:02:13.715355
usr_103,prod_206,5.0,2026-08-22T10:04:01.715355
usr_107,prod_208,1.0,2026-08-17T15:42:58.715355
usr_101,prod_216,1.0,2026-08-16T16:45:12.715355
usr_105,prod_208,1.0,2026-08-16T10:34:26.715355
usr_105,prod_203,1.0,2026-08-17T21:33:46.715355
usr_109,prod_211,1.0,2026-08-09T13:48:30.715355
usr_105,prod_202,3.0,2026-08-13T05:19:36.715355
usr_106,prod_214,3.0,2026-08-29T01:59:38.715355
usr_104,prod_209,1.0,2026-08-11T08:19:14.715355
usr_109,prod_207,5.0,2026-08-20T22:56:56.715355
usr_110,prod_211,1.0,2026-08-13T09:49:33.715355
usr_111,prod_214,1.0,2026-08-19T22:36:32.715355
usr_104,prod_214,1.0,2026-08-22T07:40:11.715355
usr_110,prod_210,1.0,2026-08-22T03:45:14.715355
usr_104,prod_214,1.0,2026-08-28T05:33:34.715355
usr_108,prod_207,5.0,2026-08-26T01:43:11.715355
usr_112,prod_206,1.0,2026-08-11T19:24:56.715355
usr_106,prod_203,3.0,2026-08-17T07:11:28.715355
usr_103,prod_201,3.0,2026-08-10T17:22:53.715355
usr_102,prod_215,3.0,2026-08-23T06:28:26.715355
usr_107,prod_216,3.0,2026-08-21T17:01:55.715355
usr_102,prod_214,1.0,2026-08-16T15:43:58.715355
usr_101,prod_218,3.0,2026-08-16T13:21:22.715355
usr_111,prod_217,3.0,2026-08-27T05:13:02.715355
usr_110,prod_217,1.0,2026-08-23T03:21:11.715355
usr_108,prod_215,1.0,2026-08-17T17:45:54.715355
usr_109,prod_216,1.0,2026-08-29T17:09:42.715355
usr_105,prod_208,1.0,2026-08-17T20:13:11.715355
usr_103,prod_205,3.0,2026-08-16T22:36:23.715355
usr_102,prod_214,1.0,2026-08-22T20:26:43.715355
usr_104,prod_214,3.0,2026-08-22T04:36:15.715355
usr_110,prod_213,3.0,2026-08-24T10:14:33.715355
usr_107,prod_218,1.0,2026-08-27T05:49:28.715355
usr_105,prod_214,3.0,2026-08-24T10:16:35.715355
usr_107,prod_206,1.0,2026-08-23T14:31:48.715355
usr_107,prod_219,1.0,2026-08-28T06:53:19.715355
usr_103,prod_215,1.0,2026-08-14T11:08:38.715355
usr_108,prod_211,5.0,2026-08-19T22:10:02.715355
usr_107,prod_209,1.0,2026-08-12T00:54:01.715355
usr_106,prod_208,1.0,2026-08-29T12:41:55.715355
usr_101,prod_208,1.0,2026-08-15T10:31:23.715355
usr_108,prod_204,1.0,2026-08-27T16:21:58.715355
usr_106,prod_206,1.0,2026-08-29T05:39:59.715355
usr_103,prod_210,1.0,2026-08-13T03:54:13.715355
usr_111,prod_213,1.0,2026-08-22T08:04:18.715355
usr_111,prod_208,3.0,2026-08-13T08:41:33.715355
usr_110,prod_204,1.0,2026-08-27T11:14:48.715355
usr_106,prod_203,3.0,2026-08-26T06:13:14.715355
usr_108,prod_204,3.0,2026-08-22T21:33:11.715355
usr_112,prod_205,5.0,2026-08-22T15:38:47.715355
usr_105,prod_220,3.0,2026-08-27T01:21:41.715355
usr_110,prod_209,1.0,2026-08-19T17:46:13.715355
usr_108,prod_208,1.0,2026-08-24T04:31:56.715355
usr_101,prod_216,1.0,2026-08-19T15:23:27.715355
usr_105,prod_211,1.0,2026-08-18T05:37:10.715355
usr_101,prod_217,1.0,2026-08-15T12:08:00.715355
usr_109,prod_208,1.0,2026-08-25T06:37:45.715355
usr_101,prod_203,1.0,2026-08-18T17:17:58.715355
usr_111,prod_219,1.0,2026-08-21T01:27:47.715355
usr_112,prod_218,1.0,2026-08-19T21:36:43.715355
usr_105,prod_208,1.0,2026-08-13T09:04:34.715355
usr_109,prod_206,1.0,2026-08-15T16:39:44.715355
usr_110,prod_217,1.0,2026-08-28T18:59:07.715355
usr_104,prod_212,1.0,2026-08-14T18:52:59.715355
usr_105,prod_202,5.0,2026-08-11T03:10:58.715355
usr_111,prod_216,1.0,2026-08-12T10:28:32.715355
usr_108,prod_211,1.0,2026-08-14T11:09:09.715355
usr_102,prod_213,3.0,2026-08-24T12:28:54.715355
usr_103,prod_205,1.0,2026-08-27T18:57:29.715355
usr_107,prod_220,1.0,2026-08-29T05:07:03.715355
usr_108,prod_215,1.0,2026-08-19T04:19:33.715355
usr_101,prod_220,1.0,2026-08-12T16:32:27.715355
usr_102,prod_206,1.0,2026-08-16T15:27:18.715355
usr_107,prod_215,1.0,2026-08-29T01:10:16.715355
usr_112,prod_210,5.0,2026-08-23T12:35:28.715355
usr_111,prod_219,1.0,2026-08-15T22:59:48.715355
usr_103,prod_209,3.0,2026-08-13T11:55:24.715355
usr_110,prod_219,3.0,2026-08-18T23:59:43.715355
usr_112,prod_213,1.0,2026-08-18T02:26:45.715355
usr_110,prod_202,1.0,2026-08-23T09:12:52.715355
usr_102,prod_208,3.0,2026-08-28T03:54:02.715355
usr_105,prod_219,3.0,2026-08-10T15:22:47.715355
usr_105,prod_206,1.0,2026-08-27T23:33:06.715355
usr_102,prod_216,3.0,2026-08-20T23:13:34.715355
usr_103,prod_211,3.0,2026-08-23T08:23:32.715355
usr_107,prod_218,1.0,2026-08-10T23:57:34.715355
usr_102,prod_213,1.0,2026-08-25T10:35:09.715355
usr_107,prod_202,3.0,2026-08-16T02:15:53.715355
usr_111,prod_215,1.0,2026-08-10T16:09:49.715355
usr_105,prod_215,1.0,2026-08-24T12:53:54.715355
usr_104,prod_206,1.0,2026-08-19T02:52:49.715355
usr_104,prod_204,1.0,2026-08-23T13:34:07.715355
usr_112,prod_210,3.0,2026-08-26T08:09:40.715355
usr_108,prod_208,1.0,2026-08-24T03:01:38.715355
usr_110,prod_217,3.0,2026-08-13T12:10:03.715355
usr_107,prod_211,1.0,2026-08-25T18:44:14.715355
usr_105,prod_219,1.0,2026-08-28T07:24:09.715355
usr_109,prod_216,1.0,2026-08-20T20:28:02.715355
usr_108,prod_211,1.0,2026-08-16T08:07:50.715355
usr_107,prod_202,5.0,2026-08-20T09:22:59.715355
usr_107,prod_213,1.0,2026-08-29T14:23:16.715355
usr_110,prod_211,5.0,2026-08-12T23:58:47.715355
usr_101,prod_205,1.0,2026-08-23T06:01:18.715355
usr_105,prod_211,1.0,2026-08-29T08:17:55.715355
usr_106,prod_218,3.0,2026-08-21T20:32:59.715355
usr_108,prod_218,1.0,2026-08-11T04:56:29.715355
usr_105,prod_208,1.0,2026-08-11T22:59:02.715355
usr_102,prod_215,1.0,2026-08-15T08:12:11.715355
usr_106,prod_202,1.0,2026-08-18T21:15:41.715355
usr_109,prod_214,1.0,2026-08-28T07:42:25.715355
usr_102,prod_220,1.0,2026-08-22T05:35:29.715355
usr_110,prod_205,1.0,2026-08-17T00:32:30.715355
usr_111,prod_201,1.0,2026-08-23T19:35:48.715355
usr_108,prod_212,3.0,2026-08-27T19:32:41.715355
usr_108,prod_210,1.0,2026-08-15T22:46:44.715355
usr_107,prod_219,1.0,2026-08-21T04:10:58.715355
usr_111,prod_213,3.0,2026-08-17T10:29:09.715355
usr_112,prod_202,5.0,2026-08-29T09:24:07.715355
usr_105,prod_208,1.0,2026-08-28T21:06:54.715355
usr_105,prod_205,1.0,2026-08-29T13:49:54.715355
usr_105,prod_215,1.0,2026-08-11T04:16:00.715355
usr_105,prod_211,3.0,2026-08-22T15:04:22.715355
usr_106,prod_217,1.0,2026-08-25T18:45:24.715355
usr_108,prod_210,1.0,2026-08-19T13:21:18.715355
usr_104,prod_213,1.0,2026-08-26T20:58:04.715355
usr_105,prod_218,3.0,2026-08-13T00:15:57.715355
usr_105,prod_219,3.0,2026-08-22T06:15:20.715355
usr_108,prod_201,1.0,2026-08-29T03:13:12.715355
usr_111,prod_203,1.0,2026-08-30T00:50:58.715355
usr_107,prod_204,5.0,2026-08-13T10:54:33.715355
usr_102,prod_204,1.0,2026-08-17T03:00:38.715355
usr_111,prod_218,1.0,2026-08-23T04:40:00.715355
usr_107,prod_204,1.0,2026-08-25T05:18:31.715355
usr_106,prod_207,1.0,2026-08-24T00:08:08.715355
usr_111,prod_212,1.0,2026-08-27T06:14:17.715355
usr_104,prod_204,1.0,2026-08-23T12:34:27.715355
usr_110,prod_201,3.0,2026-08-10T20:07:22.715355
usr_104,prod_203,3.0,2026-08-26T16:29:27.715355
usr_104,prod_211,3.0,2026-08-14T04:52:31.715355
usr_103,prod_205,1.0,2026-08-26T18:43:25.715355
usr_101,prod_205,1.0,2026-08-09T21:43:04.715355
usr_106,prod_201,3.0,2026-08-14T17:55:22.715355
usr_109,prod_204,1.0,2026-08-12T01:21:03.715355
usr_110,prod_204,1.0,2026-08-24T02:06:53.715355
usr_111,prod_217,1.0,2026-08-19T00:33:15.715355
usr_108,prod_213,3.0,2026-08-23T06:58:45.715355
usr_108,prod_203,1.0,2026-08-11T20:30:23.715355
usr_105,prod_220,1.0,2026-08-30T04:27:59.715355
usr_110,prod_217,1.0,2026-08-19T00:24:52.715355
usr_112,prod_204,1.0,2026-08-30T06:49:03.715355
usr_104,prod_214,3.0,2026-08-23T17:18:35.715355
usr_107,prod_214,3.0,2026-08-12T20:19:34.715355
usr_106,prod_205,1.0,2026-08-24T11:58:07.715355
usr_107,prod_204,1.0,2026-08-20T14:27:17.715355
usr_109,prod_218,1.0,2026-08-20T06:59:40.715355
usr_111,prod_214,1.0,2026-08-10T19:30:33.715355
usr_110,prod_217,1.0,2026-08-15T14:34:44.715355
usr_102,prod_212,1.0,2026-08-26T21:00:02.715355
usr_104,prod_214,1.0,2026-08-27T05:31:57.715355
usr_101,prod_220,3.0,2026-08-17T10:03:31.715355
usr_105,prod_211,1.0,2026-08-20T10:04:09.715355
usr_111,prod_213,5.0,2026-08-11T14:39:54.715355
usr_102,prod_217,1.0,2026-08-15T22:18:43.715355
usr_106,prod_210,3.0,2026-08-20T04:30:19.715355
usr_103,prod_206,1.0,2026-08-28T11:35:19.715355
usr_111,prod_214,1.0,2026-08-25T05:20:40.715355
usr_109,prod_204,3.0,2026-08-20T22:59:32.715355
usr_110,prod_216,1.0,2026-08-26T07:11:16.715355
usr_110,prod_202,3.0,2026-08-09T16:11:27.715355
usr_105,prod_210,3.0,2026-08-19T12:52:45.715355
usr_103,prod_205,1.0,2026-08-22T03:37:28.715355
usr_111,prod_212,1.0,2026-08-11T22:48:01.715355
usr_101,prod_215,1.0,2026-08-11T20:28:41.715355
usr_112,prod_214,5.0,2026-08-18T13:17:15.715355
usr_103,prod_220,1.0,2026-08-24T08:50:37.715355
usr_102,prod_208,1.0,2026-08-23T04:17:47.715355
usr_105,prod_211,1.0,2026-08-16T20:41:24.715355
usr_111,prod_204,3.0,2026-08-26T02:05:11.715355
usr_106,prod_205,1.0,2026-08-16T13:01:30.715355
usr_110,prod_205,1.0,2026-08-29T12:04:03.715355
usr_108,prod_219,3.0,2026-08-28T00:36:13.715355
usr_111,prod_220,1.0,2026-08-20T06:12:23.715355
usr_108,prod_215,1.0,2026-08-29T19:42:31.715355
usr_106,prod_217,1.0,2026-08-11T19:21:42.715355
usr_106,prod_210,1.0,2026-08-12T06:48:08.715355
usr_110,prod_217,5.0,2026-08-22T00:29:49.715355
usr_112,prod_202,1.0,2026-08-24T04:33:26.715355
usr_108,prod_217,3.0,2026-08-13T11:20:20.715355
usr_106,prod_203,1.0,2026-08-26T06:03:16.715355
usr_108,prod_215,1.0,2026-08-26T02:31:24.715355
usr_105,prod_213,1.0,2026-08-22T20:35:52.715355
usr_111,prod_211,3.0,2026-08-11T19:58:49.715355
usr_105,prod_209,1.0,2026-08-28T14:13:19.715355
usr_103,prod_212,1.0,2026-08-19T06:36:56.715355
usr_110,prod_203,3.0,2026-08-19T03:16:55.715355
usr_103,prod_217,1.0,2026-08-12T06:34:41.715355
usr_101,prod_212,5.0,2026-08-18T15:05:35.715355
usr_108,prod_207,1.0,2026-08-16T14:01:18.715355
usr_102,prod_217,1.0,2026-08-27T09:48:47.715355
usr_106,prod_220,1.0,2026-08-14T05:16:23.715355
usr_112,prod_220,1.0,2026-08-15T09:20:16.715355
usr_111,prod_208,3.0,2026-08-24T05:11:02.715355
usr_108,prod_208,3.0,2026-08-26T17:12:05.715355
usr_104,prod_212,1.0,2026-08-28T00:22:03.715355
usr_107,prod_217,1.0,2026-08-25T23:03:06.715355
usr_110,prod_205,3.0,2026-08-17T11:33:44.715355
usr_109,prod_204,3.0,2026-08-25T13:10:19.715355
usr_105,prod_215,1.0,2026-08-25T14:45:41.715355
usr_104,prod_215,1.0,2026-08-20T10:18:17.715355
usr_106,prod_208,1.0,2026-08-21T12:15:28.715355
usr_102,prod_211,5.0,2026-08-13T13:54:32.715355
usr_108,prod_205,5.0,2026-08-25T00:31:14.715355
usr_101,prod_209,1.0,2026-08-15T14:28:00.715355
usr_107,prod_204,1.0,2026-08-18T17:11:21.715355
usr_107,prod_220,5.0,2026-08-23T12:00:07.715355
usr_110,prod_218,1.0,2026-08-10T06:24:50.715355
usr_103,prod_210,1.0,2026-08-22T10:31:36.715355
usr_107,prod_206,5.0,2026-08-12T02:15:18.715355
usr_109,prod_217,3.0,2026-08-26T02:53:38.715355
usr_101,prod_213,1.0,2026-08-20T18:39:15.715355
usr_102,prod_212,1.0,2026-08-17T09:34:54.715355
usr_110,prod_211,1.0,2026-08-13T11:14:48.715355
usr_111,prod_206,1.0,2026-08-24T08:22:54.715355
usr_103,prod_203,1.0,2026-08-23T11:10:26.715355
usr_104,prod_202,5.0,2026-08-19T19:24:39.715355
usr_109,prod_216,1.0,2026-08-17T11:40:55.715355
usr_106,prod_202,3.0,2026-08-29T20:09:21.715355
usr_107,prod_213,1.0,2026-08-23T22:13:25.715355
usr_108,prod_212,3.0,2026-08-25T18:43:19.715355
usr_102,prod_214,1.0,2026-08-28T15:26:32.715355
usr_102,prod_211,3.0,2026-08-18T19:20:52.715355
usr_103,prod_215,3.0,2026-08-20T23:55:00.715355
usr_106,prod_220,5.0,2026-08-22T18:33:04.715355
usr_102,prod_213,3.0,2026-08-21T02:44:01.715355
usr_101,prod_205,1.0,2026-08-29T07:42:42.715355
usr_102,prod_208,5.0,2026-08-29T21:15:38.715355
usr_101,prod_220,1.0,2026-08-14T07:20:37.715355
usr_102,prod_219,1.0,2026-08-14T02:15:39.715355
usr_105,prod_208,1.0,2026-08-12T10:39:25.715355
usr_107,prod_218,3.0,2026-08-12T18:41:30.715355
usr_104,prod_220,1.0,2026-08-19T08:50:45.715355
usr_103,prod_203,1.0,2026-08-23T15:49:59.715355
usr_102,prod_211,1.0,2026-08-21T07:56:49.715355
usr_105,prod_206,1.0,2026-08-29T15:42:37.715355
usr_102,prod_207,1.0,2026-08-13T17:42:45.715355
usr_109,prod_219,1.0,2026-08-21T00:43:49.715355
usr_102,prod_203,1.0,2026-08-18T22:38:00.715355
usr_107,prod_214,1.0,2026-08-27T12:00:34.715355
usr_108,prod_215,3.0,2026-08-25T21:01:10.715355
usr_109,prod_219,5.0,2026-08-14T14:19:46.715355
usr_101,prod_204,1.0,2026-08-25T14:11:24.715355
usr_112,prod_208,3.0,2026-08-21T02:49:32.715355
usr_105,prod_207,1.0,2026-08-30T03:09:22.715355
usr_110,prod_218,1.0,2026-08-12T02:33:24.715355
usr_110,prod_205,5.0,2026-08-15T07:32:00.715355
usr_106,prod_219,5.0,2026-08-10T09:57:16.715355
usr_110,prod_209,1.0,2026-08-29T16:41:50.715355
usr_111,prod_201,1.0,2026-08-25T06:26:32.715355
usr_105,prod_216,1.0,2026-08-17T07:17:33.715355
usr_112,prod_202,1.0,2026-08-15T00:18:44.715355
usr_106,prod_220,1.0,2026-08-13T20:47:59.715355
usr_106,prod_213,1.0,2026-08-13T21:24:49.715355
usr_104,prod_215,1.0,2026-08-12T18:20:29.715355
usr_101,prod_210,5.0,2026-08-22T05:18:29.715355
usr_103,prod_211,3.0,2026-08-28T09:12:26.715355
usr_108,prod_217,1.0,2026-08-24T01:48:33.715355
usr_102,prod_213,1.0,2026-08-26T00:07:27.715355
usr_101,prod_202,3.0,2026-08-19T01:31:10.715355
usr_111,prod_216,1.0,2026-08-19T02:53:08.715355
usr_103,prod_209,1.0,2026-08-20T22:15:16.715355
usr_110,prod_218,1.0,2026-08-15T21:27:32.715355
usr_109,prod_215,3.0,2026-08-26T18:44:53.715355
usr_102,prod_205,5.0,2026-08-12T22:16:04.715355
usr_109,prod_212,1.0,2026-08-13T16:30:46.715355
usr_101,prod_202,3.0,2026-08-10T14:37:35.715355
usr_109,prod_215,1.0,2026-08-14T05:49:46.715355
usr_110,prod_211,3.0,2026-08-14T22:32:01.715355
usr_110,prod_211,3.0,2026-08-26T02:26:45.715355
usr_105,prod_216,1.0,2026-08-09T21:13:57.715355
usr_107,prod_219,1.0,2026-08-19T09:47:58.715355
usr_110,prod_216,1.0,2026-08-18T06:43:03.715355
usr_104,prod_202,1.0,2026-08-28T01:02:47.715355
usr_110,prod_213,1.0,2026-08-14T07:07:16.715355
usr_112,prod_204,1.0,2026-08-15T10:20:34.715355
usr_107,prod_207,5.0,2026-08-23T02:41:53.715355
usr_112,prod_202,1.0,2026-08-14T02:05:49.715355
usr_111,prod_216,1.0,2026-08-25T22:12:25.715355
usr_109,prod_211,3.0,2026-08-26T21:36:03.715355
usr_111,prod_209,1.0,2026-08-29T01:04:29.715355
usr_105,prod_208,3.0,2026-08-18T19:37:27.715355
usr_108,prod_211,5.0,2026-08-24T21:28:13.715355
usr_112,prod_209,1.0,2026-08-18T13:28:57.715355
usr_107,prod_212,5.0,2026-08-13T18:54:32.715355
usr_102,prod_212,1.0,2026-08-24T06:09:01.715355
usr_104,prod_218,1.0,2026-08-18T03:36:31.715355
usr_110,prod_219,5.0,2026-08-16T16:55:56.715355
usr_104,prod_208,3.0,2026-08-10T13:18:35.715355
usr_102,prod_205,1.0,2026-08-10T03:51:24.715355
usr_108,prod_216,1.0,2026-08-29T16:40:32.715355
usr_111,prod_202,1.0,2026-08-12T06:28:28.715355
usr_112,prod_202,1.0,2026-08-14T23:49:07.715355
usr_101,prod_213,5.0,2026-08-24T15:52:01.715355
usr_105,prod_202,1.0,2026-08-09T19:28:52.715355
usr_106,prod_210,1.0,2026-08-24T06:26:47.715355
usr_103,prod_217,1.0,2026-08-23T18:05:05.715355
usr_103,prod_215,1.0,2026-08-29T18:37:25.715355
usr_106,prod_210,1.0,2026-08-28T07:40:26.715355
usr_111,prod_213,1.0,2026-08-23T02:12:19.715355
usr_102,prod_206,1.0,2026-08-14T01:13:13.715355
usr_105,prod_213,5.0,2026-08-17T00:40:31.715355
usr_105,prod_219,1.0,2026-08-27T10:08:55.715355
usr_104,prod_202,1.0,2026-08-13T00:11:24.715355
usr_109,prod_210,1.0,2026-08-13T06:50:32.715355
usr_104,prod_208,3.0,2026-08-14T01:01:43.715355
usr_110,prod_212,1.0,2026-08-23T08:28:12.715355
usr_109,prod_207,3.0,2026-08-17T07:40:52.715355
usr_102,prod_217,1.0,2026-08-24T02:37:37.715355
usr_110,prod_204,1.0,2026-08-11T03:49:46.715355
usr_109,prod_205,1.0,2026-08-14T20:46:47.715355
usr_111,prod_207,1.0,2026-08-28T00:58:11.715355
usr_101,prod_215,1.0,2026-08-14T02:18:43.715355
usr_109,prod_215,1.0,2026-08-19T08:53:39.715355
usr_101,prod_207,1.0,2026-08-27T11:54:41.715355
usr_102,prod_218,1.0,2026-08-10T12:51:44.715355
usr_107,prod_206,5.0,2026-08-14T06:38:55.715355
usr_106,prod_213,3.0,2026-08-23T22:16:19.715355
usr_111,prod_218,1.0,2026-08-14T06:47:36.715355
usr_109,prod_213,3.0,2026-08-25T14:38:28.715355
usr_101,prod_210,1.0,2026-08-24T07:38:48.715355
usr_107,prod_208,1.0,2026-08-17T00:14:23.715355
usr_112,prod_204,3.0,2026-08-11T07:18:53.715355
usr_101,prod_208,1.0,2026-08-15T11:58:52.715355
usr_110,prod_202,1.0,2026-08-17T08:54:39.715355
usr_109,prod_207,1.0,2026-08-10T14:24:32.715355
usr_112,prod_219,3.0,2026-08-20T04:31:03.715355
usr_106,prod_208,1.0,2026-08-18T14:34:47.715355
usr_105,prod_209,3.0,2026-08-11T03:30:10.715355
usr_103,prod_214,5.0,2026-08-27T00:55:36.715355
usr_111,prod_213,1.0,2026-08-25T20:36:40.715355
usr_105,prod_213,3.0,2026-08-15T03:22:29.715355
usr_105,prod_205,5.0,2026-08-23T11:27:40.715355
usr_109,prod_217,1.0,2026-08-13T22:07:30.715355
usr_111,prod_203,3.0,2026-08-23T20:57:48.715355
usr_104,prod_202,1.0,2026-08-17T22:35:52.715355
usr_102,prod_207,1.0,2026-08-28T09:34:49.715355
usr_104,prod_211,1.0,2026-08-18T10:06:13.715355
usr_112,prod_204,3.0,2026-08-24T17:36:52.715355
usr_107,prod_208,1.0,2026-08-26T20:41:32.715355
usr_109,prod_212,3.0,2026-08-18T18:15:46.715355
usr_108,prod_204,1.0,2026-08-24T20:50:27.715355
usr_107,prod_202,1.0,2026-08-27T17:39:23.715355
usr_109,prod_219,1.0,2026-08-28T09:18:32.715355
usr_106,prod_208,1.0,2026-08-22T04:45:29.715355
usr_111,prod_211,3.0,2026-08-18T01:38:55.715355
usr_108,prod_206,1.0,2026-08-20T15:01:00.715355
usr_103,prod_218,3.0,2026-08-29T11:25:16.715355
usr_102,prod_202,1.0,2026-08-09T23:01:07.715355
usr_102,prod_205,1.0,2026-08-09T16:24:43.715355
usr_110,prod_220,1.0,2026-08-25T07:23:15.715355
usr_109,prod_214,1.0,2026-08-09T10:26:00.715355
usr_105,prod_201,3.0,2026-08-26T08:35:41.715355
usr_103,prod_204,1.0,2026-08-13T02:01:29.715355
usr_109,prod_209,1.0,2026-08-20T18:42:39.715355
usr_107,prod_215,1.0,2026-08-27T17:36:28.715355
usr_102,prod_202,1.0,2026-08-11T22:16:38.715355
usr_101,prod_201,1.0,2026-08-14T12:24:08.715355
usr_106,prod_219,1.0,2026-08-13T02:50:16.715355
usr_112,prod_219,1.0,2026-08-24T17:55:13.715355
usr_105,prod_218,5.0,2026-08-28T06:54:25.715355
usr_106,prod_201,3.0,2026-08-16T04:02:02.715355
usr_107,prod_203,1.0,2026-08-18T15:28:29.715355
usr_107,prod_218,1.0,2026-08-19T22:41:01.715355
usr_112,prod_203,1.0,2026-08-26T09:14:17.715355
usr_104,prod_203,5.0,2026-08-20T05:41:53.715355
usr_107,prod_211,5.0,2026-08-10T06:10:04.715355
usr_108,prod_208,1.0,2026-08-21T03:16:41.715355
usr_110,prod_213,1.0,2026-08-12T05:11:05.715355
usr_102,prod_203,3.0,2026-08-17T14:16:59.715355
usr_103,prod_213,1.0,2026-08-19T20:58:19.715355
usr_105,prod_215,1.0,2026-08-20T17:58:22.715355
usr_107,prod_215,1.0,2026-08-27T03:24:40.715355
usr_102,prod_212,3.0,2026-08-26T12:30:52.715355
usr_107,prod_201,1.0,2026-08-18T23:17:03.715355
usr_109,prod_208,1.0,2026-08-28T02:02:57.715355
usr_103,prod_209,1.0,2026-08-18T18:23:23.715355
usr_107,prod_209,1.0,2026-08-22T19:23:04.715355
